circuit,bodyId_pre,bodyId_post,weight
compass,387364605,911565419,1
compass,387364605,910783961,3
compass,387364605,1002507131,5
compass,387364605,1002848661,14
compass,387364605,849482511,26
compass,387364605,758419409,34
compass,387364605,5813070465,29
compass,387364605,1125964630,47
compass,387364605,1002852791,17
compass,387364605,1062526223,27
compass,387364605,387023620,21
compass,387364605,757055317,19
compass,387364605,1002507159,36
compass,387364605,1034219901,49
compass,387364605,539462336,23
compass,387364605,449438847,64
compass,387364605,974300015,113
compass,387364605,1508334312,33
compass,387023620,1125964630,2
compass,387023620,974300015,3
compass,387023620,1002848661,3
compass,387023620,849482511,14
compass,387023620,5813070465,15
compass,387023620,1508334312,10
compass,387023620,1002507159,40
compass,387023620,1062526223,13
compass,387023620,757055317,9
compass,387023620,1034219901,54
compass,387023620,1002852791,24
compass,387023620,1002507131,1
compass,387023620,758419409,43
compass,387023620,539462336,38
compass,387023620,387364605,66
compass,387023620,449438847,52
compass,449438847,911565419,4
compass,449438847,1034219901,24
compass,449438847,1508334312,35
compass,449438847,849482511,11
compass,449438847,1002852791,11
compass,449438847,5813070465,64
compass,449438847,1002507131,8
compass,449438847,387364605,47
compass,449438847,387023620,47
compass,449438847,1002848661,11
compass,449438847,1062526223,50
compass,449438847,1125964630,21
compass,449438847,758419409,39
compass,449438847,974300015,123
compass,449438847,539462336,31
compass,449438847,1002507159,15
compass,449438847,757055317,18
compass,449438847,911911699,1
compass,449438847,910783961,2
compass,539462336,1002507131,1
compass,539462336,1002848661,3
compass,539462336,1508334312,5
compass,539462336,849482511,8
compass,539462336,974300015,4
compass,539462336,1062526223,10
compass,539462336,757055317,14
compass,539462336,1125964630,6
compass,539462336,5813070465,11
compass,539462336,1002852791,26
compass,539462336,758419409,31
compass,539462336,1034219901,40
compass,539462336,387023620,33
compass,539462336,387364605,57
compass,539462336,1002507159,39
compass,539462336,449438847,65
compass,757055317,1002507131,3
compass,757055317,1125964630,10
compass,757055317,758419409,39
compass,757055317,387023620,9
compass,757055317,1508334312,11
compass,757055317,1062526223,4
compass,757055317,1034219901,47
compass,757055317,539462336,16
compass,757055317,1002852791,43
compass,757055317,5813070465,4
compass,757055317,387364605,67
compass,757055317,849482511,22
compass,757055317,449438847,61
compass,757055317,1002507159,45
compass,758419409,911565419,1
compass,758419409,1002848661,3
compass,758419409,910783961,3
compass,758419409,1034219901,11
compass,758419409,1062526223,20
compass,758419409,387023620,12
compass,758419409,539462336,14
compass,758419409,1002507159,8
compass,758419409,757055317,16
compass,758419409,849482511,13
compass,758419409,1125964630,20
compass,758419409,1002507131,19
compass,758419409,1508334312,20
compass,758419409,1002852791,6
compass,758419409,449438847,55
compass,758419409,387364605,20
compass,758419409,5813070465,27
compass,758419409,974300015,102
compass,849482511,1062526223,4
compass,849482511,539462336,7
compass,849482511,5813070465,3
compass,849482511,757055317,9
compass,849482511,387023620,7
compass,849482511,1125964630,5
compass,849482511,1034219901,59
compass,849482511,1508334312,19
compass,849482511,387364605,64
compass,849482511,758419409,43
compass,849482511,1002507159,53
compass,849482511,449438847,46
compass,849482511,1002852791,57
compass,910783961,849482511,2
compass,910783961,1002507131,12
compass,910783961,1034219901,3
compass,910783961,539462336,5
compass,910783961,449438847,19
compass,910783961,1002852791,8
compass,910783961,1508334312,40
compass,910783961,758419409,15
compass,910783961,387364605,36
compass,910783961,1002507159,10
compass,910783961,1002848661,28
compass,910783961,911911699,10
compass,910783961,974300015,94
compass,910783961,5813070465,184
compass,910783961,911565419,9
compass,911911699,849482511,1
compass,911911699,910783961,2
compass,911911699,1062526223,3
compass,911911699,539462336,1
compass,911911699,758419409,14
compass,911911699,1034219901,19
compass,911911699,1508334312,16
compass,911911699,387364605,6
compass,911911699,449438847,31
compass,911911699,5813070465,58
compass,911911699,1002507131,20
compass,911911699,911565419,7
compass,911911699,1002507159,23
compass,911911699,1002852791,26
compass,911911699,974300015,30
compass,911911699,1002848661,66
compass,911565419,1002507159,1
compass,911565419,539462336,3
compass,911565419,849482511,2
compass,911565419,1002852791,1
compass,911565419,1002848661,2
compass,911565419,757055317,1
compass,911565419,758419409,15
compass,911565419,1508334312,27
compass,911565419,910783961,18
compass,911565419,911911699,12
compass,911565419,449438847,35
compass,911565419,974300015,94
compass,911565419,387364605,24
compass,911565419,5813070465,141
compass,974300015,1034219901,3
compass,974300015,1002852791,2
compass,974300015,1125964630,2
compass,974300015,1002848661,4
compass,974300015,387364605,3
compass,974300015,758419409,2
compass,974300015,387023620,26
compass,974300015,1062526223,33
compass,974300015,449438847,10
compass,974300015,539462336,25
compass,1002848661,1002852791,2
compass,1002848661,1034219901,2
compass,1002848661,849482511,3
compass,1002848661,1002507159,1
compass,1002848661,387364605,3
compass,1002848661,974300015,7
compass,1002848661,539462336,24
compass,1002848661,1062526223,19
compass,1002848661,449438847,3
compass,1002848661,387023620,26
compass,1002852791,911565419,2
compass,1002852791,974300015,3
compass,1002852791,758419409,2
compass,1002852791,387023620,9
compass,1002852791,449438847,7
compass,1002852791,1062526223,12
compass,1002852791,539462336,11
compass,1002852791,1508334312,25
compass,1002852791,1125964630,33
compass,1002852791,910783961,1
compass,1002852791,911911699,3
compass,1002852791,1002848661,80
compass,1002852791,1002507131,35
compass,1002852791,757055317,12
compass,1002852791,849482511,18
compass,1002852791,387364605,19
compass,1002852791,1002507159,39
compass,1002852791,5813070465,22
compass,1002852791,1034219901,38
compass,1002507131,849482511,2
compass,1002507131,757055317,1
compass,1002507131,387023620,1
compass,1002507131,1002507159,5
compass,1002507131,1002852791,2
compass,1002507131,1034219901,23
compass,1002507131,449438847,44
compass,1002507131,1062526223,14
compass,1002507131,1125964630,22
compass,1002507131,387364605,19
compass,1002507131,758419409,59
compass,1002507159,911565419,1
compass,1002507159,910783961,3
compass,1002507159,5813070465,1
compass,1002507159,539462336,19
compass,1002507159,1062526223,29
compass,1002507159,757055317,17
compass,1002507159,387364605,34
compass,1002507159,849482511,16
compass,1002507159,1125964630,28
compass,1002507159,1508334312,16
compass,1002507159,911911699,4
compass,1002507159,449438847,14
compass,1002507159,974300015,5
compass,1002507159,387023620,12
compass,1002507159,1002507131,39
compass,1002507159,1002848661,91
compass,1002507159,758419409,10
compass,1002507159,1034219901,50
compass,1002507159,1002852791,50
compass,1034219901,911911699,2
compass,1034219901,910783961,2
compass,1034219901,758419409,16
compass,1034219901,974300015,7
compass,1034219901,757055317,13
compass,1034219901,1125964630,28
compass,1034219901,1002507131,34
compass,1034219901,1062526223,37
compass,1034219901,5813070465,3
compass,1034219901,387023620,34
compass,1034219901,1002852791,37
compass,1034219901,539462336,17
compass,1034219901,1508334312,6
compass,1034219901,449438847,29
compass,1034219901,849482511,13
compass,1034219901,387364605,47
compass,1034219901,911565419,4
compass,1034219901,1002848661,98
compass,1034219901,1002507159,50
compass,1062526223,974300015,2
compass,1062526223,1002848661,1
compass,1062526223,1002507131,8
compass,1062526223,5813070465,2
compass,1062526223,539462336,5
compass,1062526223,758419409,50
compass,1062526223,1125964630,14
compass,1062526223,449438847,78
compass,1062526223,387364605,75
compass,1062526223,1034219901,68
compass,1062526223,1002852791,56
compass,1062526223,1002507159,65
compass,1062526223,387023620,8
compass,1125964630,1508334312,1
compass,1125964630,539462336,2
compass,1125964630,5813070465,2
compass,1125964630,974300015,1
compass,1125964630,387023620,3
compass,1125964630,1062526223,37
compass,1125964630,849482511,7
compass,1125964630,757055317,4
compass,1125964630,1034219901,82
compass,1125964630,449438847,83
compass,1125964630,1002507131,19
compass,1125964630,387364605,99
compass,1125964630,758419409,68
compass,1125964630,1002507159,93
compass,1125964630,1002852791,68
compass,1508334312,1062526223,1
compass,1508334312,1125964630,3
compass,1508334312,539462336,6
compass,1508334312,757055317,12
compass,1508334312,449438847,9
compass,1508334312,974300015,1
compass,1508334312,758419409,6
compass,1508334312,5813070465,18
compass,1508334312,387023620,8
compass,1508334312,387364605,15
compass,1508334312,1034219901,27
compass,1508334312,849482511,15
compass,1508334312,1002507159,42
compass,1508334312,1002852791,75
compass,5813070465,449438847,1
compass,5813070465,387364605,3
compass,5813070465,758419409,1
compass,5813070465,1062526223,2
compass,5813070465,1508334312,16
compass,5813070465,757055317,6
compass,5813070465,387023620,9
compass,5813070465,539462336,6
compass,5813070465,1034219901,21
compass,5813070465,1002507159,30
compass,5813070465,1002852791,54
compass,5813070465,849482511,4
memory,393766777,1048172314,2
memory,393766777,422725634,1
memory,393766777,5813022234,54
memory,393766777,5813022424,11
memory,393766777,704466265,4
memory,393766777,1172713521,12
memory,393766777,799586652,8
memory,393766777,518930199,35
memory,393766777,861665641,11
memory,393766777,5813105172,115
memory,393766777,1196854070,138
memory,393766777,642732835,11
memory,393766777,5812981381,141
memory,393766777,425790257,314
memory,393766777,424767514,961
memory,422725634,1196854070,2
memory,422725634,393766777,2
memory,422725634,894020730,1
memory,422725634,5813022234,7
memory,422725634,1078693835,6
memory,422725634,5813105172,56
memory,422725634,424767514,61
memory,422725634,425790257,44
memory,422725634,5813019513,42
memory,424767514,1048172314,1
memory,424767514,642732835,1
memory,424767514,5812981381,6
memory,424767514,5813019513,12
memory,424767514,799586652,6
memory,424767514,422725634,50
memory,424767514,5813022234,27
memory,424767514,612371421,28
memory,424767514,5813105172,34
memory,424767514,425790257,396
memory,424767514,393766777,71
memory,424767514,1196854070,68
memory,425790257,518930199,6
memory,425790257,894020730,11
memory,425790257,861665641,17
memory,425790257,5812981381,6
memory,425790257,1196854070,58
memory,425790257,642732835,24
memory,425790257,5813022234,79
memory,425790257,704466265,23
memory,425790257,1048172314,134
memory,425790257,5813019513,76
memory,425790257,393766777,52
memory,425790257,1078693835,50
memory,425790257,5813022424,188
memory,425790257,424767514,168
memory,425790257,799586652,613
memory,425790257,612371421,535
memory,425790257,422725634,254
memory,425790257,1172713521,155
memory,425790257,5813105172,1740
memory,518930199,612371421,1
memory,518930199,5813022234,4
memory,518930199,894020730,2
memory,518930199,861665641,2
memory,518930199,704466265,1
memory,518930199,5813022424,1
memory,518930199,5812981381,4
memory,518930199,1172713521,1
memory,518930199,425790257,4
memory,518930199,642732835,23
memory,612371421,5813105172,1
memory,612371421,5813022424,1
memory,612371421,422725634,4
memory,612371421,425790257,1
memory,612371421,704466265,11
memory,612371421,518930199,28
memory,612371421,861665641,11
memory,612371421,642732835,96
memory,612371421,799586652,262
memory,612371421,894020730,115
memory,612371421,1078693835,51
memory,642732835,704466265,3
memory,642732835,861665641,1
memory,642732835,894020730,6
memory,642732835,5813105172,6
memory,642732835,5813022424,9
memory,642732835,518930199,17
memory,642732835,5813022234,7
memory,642732835,1048172314,12
memory,642732835,425790257,22
memory,704466265,5812981381,4
memory,704466265,5813105172,5
memory,704466265,642732835,3
memory,704466265,861665641,6
memory,704466265,5813022234,20
memory,704466265,1048172314,4
memory,704466265,425790257,7
memory,704466265,612371421,2
memory,704466265,5813022424,14
memory,704466265,894020730,7
memory,799586652,5812981381,2
memory,799586652,518930199,3
memory,799586652,5813022424,3
memory,799586652,1196854070,9
memory,799586652,894020730,11
memory,799586652,642732835,5
memory,799586652,861665641,9
memory,799586652,393766777,11
memory,799586652,704466265,8
memory,799586652,425790257,55
memory,799586652,612371421,78
memory,799586652,424767514,197
memory,799586652,1078693835,47
memory,799586652,1172713521,16
memory,799586652,5813105172,52
memory,799586652,5813022234,518
memory,861665641,518930199,2
memory,861665641,425790257,4
memory,861665641,5812981381,7
memory,861665641,5813022424,5
memory,861665641,894020730,7
memory,861665641,5813022234,31
memory,861665641,642732835,4
memory,861665641,1048172314,4
memory,861665641,5813105172,4
memory,861665641,612371421,1
memory,861665641,704466265,7
memory,894020730,425790257,29
memory,894020730,5813022424,8
memory,894020730,704466265,2
memory,894020730,5813022234,2
memory,894020730,5813105172,11
memory,894020730,642732835,4
memory,894020730,1048172314,6
memory,894020730,861665641,9
memory,1048172314,5812981381,1
memory,1048172314,1196854070,1
memory,1048172314,1078693835,1
memory,1048172314,5813019513,1
memory,1048172314,393766777,2
memory,1048172314,799586652,5
memory,1048172314,1172713521,10
memory,1048172314,5813022424,65
memory,1048172314,518930199,279
memory,1048172314,5813022234,172
memory,1048172314,5813105172,249
memory,1048172314,704466265,256
memory,1048172314,861665641,266
memory,1048172314,894020730,282
memory,1048172314,425790257,744
memory,1048172314,642732835,393
memory,1078693835,1048172314,1
memory,1078693835,424767514,1
memory,1078693835,1172713521,3
memory,1078693835,5812981381,2
memory,1078693835,425790257,6
memory,1078693835,799586652,5
memory,1078693835,393766777,19
memory,1078693835,5813105172,15
memory,1078693835,5813022234,217
memory,1078693835,422725634,48
memory,1078693835,612371421,143
memory,1172713521,5812981381,6
memory,1172713521,393766777,16
memory,1172713521,861665641,4
memory,1172713521,1048172314,16
memory,1172713521,1196854070,9
memory,1172713521,5813022424,7
memory,1172713521,642732835,34
memory,1172713521,704466265,8
memory,1172713521,5813022234,62
memory,1172713521,799586652,139
memory,1172713521,518930199,18
memory,1172713521,424767514,67
memory,1172713521,425790257,153
memory,1172713521,612371421,98
memory,1172713521,1078693835,142
memory,1172713521,5813105172,120
memory,1196854070,1172713521,8
memory,1196854070,5813022424,1
memory,1196854070,799586652,9
memory,1196854070,5812981381,114
memory,1196854070,5813022234,41
memory,1196854070,425790257,258
memory,1196854070,5813105172,94
memory,1196854070,424767514,989
memory,1196854070,393766777,141
memory,1196854070,704466265,1
memory,1196854070,518930199,1
memory,1196854070,1048172314,2
memory,1196854070,422725634,1
memory,5812981381,612371421,2
memory,5812981381,1078693835,1
memory,5812981381,1048172314,2
memory,5812981381,704466265,3
memory,5812981381,5813022424,12
memory,5812981381,5813105172,30
memory,5812981381,799586652,5
memory,5812981381,642732835,41
memory,5812981381,518930199,80
memory,5812981381,861665641,5
memory,5812981381,894020730,9
memory,5812981381,1196854070,33
memory,5812981381,5813022234,31
memory,5812981381,424767514,107
memory,5812981381,393766777,88
memory,5812981381,425790257,36
memory,5813019513,393766777,1
memory,5813019513,1048172314,2
memory,5813019513,704466265,9
memory,5813019513,894020730,24
memory,5813019513,422725634,13
memory,5813019513,424767514,7
memory,5813019513,861665641,15
memory,5813019513,5813105172,366
memory,5813019513,425790257,285
memory,5813022234,518930199,2
memory,5813022234,861665641,7
memory,5813022234,642732835,6
memory,5813022234,704466265,3
memory,5813022234,1048172314,11
memory,5813022234,1078693835,11
memory,5813022234,393766777,25
memory,5813022234,5813105172,5
memory,5813022234,424767514,8
memory,5813022234,422725634,6
memory,5813022234,5813022424,19
memory,5813022234,5812981381,8
memory,5813022234,1196854070,19
memory,5813022234,425790257,120
memory,5813022234,799586652,7
memory,5813022424,424767514,1
memory,5813022424,393766777,3
memory,5813022424,5812981381,1
memory,5813022424,1048172314,72
memory,5813022424,1172713521,11
memory,5813022424,518930199,328
memory,5813022424,5813105172,225
memory,5813022424,861665641,230
memory,5813022424,642732835,429
memory,5813022424,799586652,31
memory,5813022424,704466265,257
memory,5813022424,5813022234,161
memory,5813022424,425790257,833
memory,5813022424,894020730,224
memory,5813105172,1196854070,99
memory,5813105172,612371421,252
memory,5813105172,5813019513,297
memory,5813105172,393766777,124
memory,5813105172,704466265,142
memory,5813105172,1048172314,313
memory,5813105172,5813022424,349
memory,5813105172,1078693835,694
memory,5813105172,861665641,133
memory,5813105172,5813022234,191
memory,5813105172,422725634,473
memory,5813105172,5812981381,40
memory,5813105172,424767514,402
memory,5813105172,1172713521,147
memory,5813105172,799586652,1065
memory,5813105172,425790257,4299
memory,5813105172,518930199,21
memory,5813105172,894020730,74
memory,5813105172,642732835,64
smell,327499164,630714299,11
smell,327499164,5813055865,7
smell,327499164,574688051,3
smell,327499164,5901222910,12
smell,327499164,480590566,9
smell,327499164,478613576,16
smell,327499164,604709727,19
smell,327499164,5813050727,5
smell,327499164,635062078,24
smell,327499164,510317265,23
smell,327499164,330268940,5
smell,327499164,328861282,11
smell,327499164,542634818,105
smell,327499164,421641859,16
smell,327499164,517506265,138
smell,327499164,573333835,51
smell,327499164,5813020988,258
smell,328861282,487144598,4
smell,328861282,574688051,1
smell,328861282,5813050727,2
smell,328861282,510317265,17
smell,328861282,635062078,34
smell,328861282,478613576,11
smell,328861282,327499164,9
smell,328861282,5901222910,25
smell,328861282,480590566,7
smell,328861282,630714299,18
smell,328861282,604709727,14
smell,328861282,573333835,85
smell,328861282,424716408,32
smell,328861282,517506265,56
smell,328861282,330268940,13
smell,328861282,421641859,65
smell,328861282,5813055865,45
smell,328861282,5813020988,208
smell,328861282,542634818,247
smell,330268940,574688051,1
smell,330268940,542634818,11
smell,330268940,487144598,4
smell,330268940,573333835,4
smell,330268940,510317265,4
smell,330268940,328861282,10
smell,330268940,630714299,3
smell,330268940,5813020988,82
smell,330268940,635062078,18
smell,330268940,421641859,48
smell,330268940,604709727,27
smell,330268940,424716408,13
smell,330268940,327499164,5
smell,330268940,517506265,205
smell,330268940,5813055865,76
smell,421641859,630714299,1
smell,421641859,604709727,1
smell,421641859,573333835,1
smell,421641859,542634818,1
smell,421641859,328861282,4
smell,421641859,635062078,1
smell,421641859,327499164,6
smell,421641859,510317265,1
smell,421641859,330268940,9
smell,421641859,424716408,33
smell,421641859,517506265,23
smell,421641859,5813020988,6
smell,421641859,480590566,7
smell,421641859,487144598,70
smell,424716408,5901222910,1
smell,424716408,635062078,1
smell,424716408,630714299,1
smell,424716408,5813020988,12
smell,424716408,330268940,25
smell,424716408,5813055865,3
smell,424716408,480590566,22
smell,424716408,574688051,8
smell,424716408,421641859,23
smell,424716408,510317265,7
smell,424716408,487144598,17
smell,424716408,327499164,21
smell,424716408,478613576,4
smell,424716408,328861282,195
smell,478613576,574688051,3
smell,478613576,517506265,4
smell,478613576,327499164,3
smell,478613576,487144598,4
smell,478613576,328861282,7
smell,478613576,5901222910,57
smell,478613576,5813050727,51
smell,478613576,604709727,3
smell,478613576,510317265,5
smell,478613576,5813020988,14
smell,478613576,630714299,84
smell,478613576,5813055865,1
smell,478613576,421641859,27
smell,478613576,573333835,119
smell,478613576,635062078,170
smell,478613576,480590566,40
smell,478613576,542634818,45
smell,478613576,330268940,1
smell,478613576,424716408,1
smell,480590566,328861282,2
smell,480590566,517506265,3
smell,480590566,487144598,3
smell,480590566,421641859,4
smell,480590566,327499164,4
smell,480590566,330268940,1
smell,480590566,604709727,9
smell,480590566,574688051,6
smell,480590566,635062078,43
smell,480590566,510317265,4
smell,480590566,5813055865,80
smell,480590566,542634818,60
smell,480590566,5813020988,76
smell,480590566,5813050727,47
smell,480590566,573333835,64
smell,480590566,5901222910,43
smell,480590566,630714299,51
smell,480590566,478613576,150
smell,480590566,424716408,59
smell,487144598,478613576,1
smell,487144598,327499164,1
smell,487144598,630714299,3
smell,487144598,5901222910,1
smell,487144598,542634818,2
smell,487144598,573333835,2
smell,487144598,328861282,1
smell,487144598,330268940,6
smell,487144598,421641859,14
smell,487144598,5813055865,11
smell,487144598,424716408,2
smell,487144598,480590566,28
smell,487144598,5813050727,7
smell,487144598,635062078,7
smell,487144598,5813020988,17
smell,487144598,604709727,20
smell,487144598,517506265,97
smell,510317265,604709727,1
smell,510317265,330268940,1
smell,510317265,517506265,4
smell,510317265,635062078,2
smell,510317265,5813020988,3
smell,510317265,5813050727,4
smell,510317265,573333835,2
smell,510317265,424716408,1
smell,510317265,327499164,33
smell,510317265,480590566,1
smell,510317265,542634818,6
smell,510317265,478613576,61
smell,510317265,421641859,17
smell,510317265,328861282,60
smell,542634818,517506265,2
smell,542634818,330268940,4
smell,542634818,5813055865,1
smell,542634818,635062078,5
smell,542634818,421641859,12
smell,542634818,5901222910,2
smell,542634818,574688051,3
smell,542634818,480590566,54
smell,542634818,327499164,60
smell,542634818,573333835,53
smell,542634818,5813020988,6
smell,542634818,328861282,38
smell,542634818,510317265,22
smell,542634818,478613576,89
smell,517506265,635062078,1
smell,517506265,604709727,7
smell,517506265,421641859,1
smell,517506265,542634818,4
smell,517506265,630714299,1
smell,517506265,510317265,22
smell,517506265,5813020988,13
smell,517506265,5813055865,10
smell,517506265,478613576,62
smell,517506265,487144598,51
smell,517506265,327499164,278
smell,517506265,330268940,73
smell,517506265,574688051,140
smell,517506265,328861282,157
smell,517506265,480590566,537
smell,573333835,635062078,4
smell,573333835,630714299,4
smell,573333835,424716408,16
smell,573333835,5813020988,5
smell,573333835,542634818,4
smell,573333835,574688051,19
smell,573333835,421641859,11
smell,573333835,327499164,7
smell,573333835,510317265,27
smell,573333835,517506265,7
smell,573333835,480590566,82
smell,573333835,478613576,165
smell,573333835,487144598,24
smell,573333835,328861282,216
smell,573333835,604709727,106
smell,573333835,330268940,42
smell,574688051,5813050727,3
smell,574688051,328861282,3
smell,574688051,573333835,9
smell,574688051,330268940,3
smell,574688051,5813055865,43
smell,574688051,510317265,8
smell,574688051,635062078,16
smell,574688051,630714299,12
smell,574688051,5901222910,8
smell,574688051,604709727,23
smell,574688051,5813020988,43
smell,574688051,424716408,83
smell,574688051,478613576,31
smell,574688051,327499164,1
smell,574688051,421641859,2
smell,574688051,542634818,2
smell,574688051,517506265,1
smell,574688051,480590566,5
smell,604709727,330268940,1
smell,604709727,635062078,1
smell,604709727,510317265,1
smell,604709727,424716408,3
smell,604709727,480590566,1
smell,604709727,328861282,6
smell,604709727,5813055865,1
smell,604709727,517506265,42
smell,604709727,327499164,8
smell,604709727,5813020988,23
smell,604709727,487144598,40
smell,630714299,635062078,1
smell,630714299,604709727,1
smell,630714299,573333835,2
smell,630714299,328861282,24
smell,630714299,510317265,2
smell,630714299,424716408,12
smell,630714299,5813055865,11
smell,630714299,5901222910,23
smell,630714299,574688051,68
smell,630714299,327499164,24
smell,630714299,478613576,108
smell,630714299,421641859,19
smell,630714299,480590566,101
smell,630714299,5813050727,1
smell,635062078,542634818,3
smell,635062078,517506265,2
smell,635062078,328861282,13
smell,635062078,480590566,32
smell,635062078,487144598,2
smell,635062078,573333835,10
smell,635062078,574688051,25
smell,635062078,5813020988,22
smell,635062078,330268940,48
smell,635062078,424716408,33
smell,635062078,421641859,94
smell,635062078,604709727,184
smell,635062078,478613576,191
smell,635062078,510317265,122
smell,635062078,327499164,3
smell,635062078,5813055865,1
smell,5813020988,478613576,2
smell,5813020988,510317265,1
smell,5813020988,517506265,10
smell,5813020988,487144598,3
smell,5813020988,5813055865,1
smell,5813020988,574688051,1
smell,5813020988,330268940,4
smell,5813020988,421641859,18
smell,5813020988,328861282,13
smell,5813020988,424716408,23
smell,5813020988,327499164,7
smell,5813020988,573333835,4
smell,5813020988,604709727,3
smell,5813020988,5901222910,2
smell,5813020988,542634818,35
smell,5813020988,480590566,8
smell,5813020988,635062078,56
smell,5813050727,5901222910,5
smell,5813050727,573333835,1
smell,5813050727,630714299,1
smell,5813050727,424716408,1
smell,5813050727,5813055865,4
smell,5813050727,421641859,20
smell,5813050727,574688051,25
smell,5813050727,480590566,78
smell,5813050727,510317265,79
smell,5813050727,487144598,47
smell,5813050727,478613576,143
smell,5813055865,327499164,1
smell,5813055865,574688051,3
smell,5813055865,635062078,1
smell,5813055865,604709727,4
smell,5813055865,480590566,3
smell,5813055865,5813020988,2
smell,5813055865,421641859,24
smell,5813055865,330268940,8
smell,5813055865,328861282,8
smell,5813055865,517506265,89
smell,5901222910,487144598,1
smell,5901222910,542634818,2
smell,5901222910,635062078,3
smell,5901222910,510317265,4
smell,5901222910,630714299,24
smell,5901222910,5813055865,12
smell,5901222910,424716408,12
smell,5901222910,421641859,15
smell,5901222910,478613576,78
smell,5901222910,574688051,77
smell,5901222910,327499164,28
smell,5901222910,480590566,102
smell,5901222910,328861282,38
