theta,job_id,status,file,seconds
0.00,aeef00f2-197d-468a-89bd-60ceaa409757,completed,morph_0.00.png,21.9
0.10,92cd1f79-f092-4a81-a17f-206f67f9bcef,completed,morph_0.10.png,23.1
0.20,0dc3bc1a-db3e-468a-baa0-6112652a68dd,completed,morph_0.20.png,23.3
0.30,1e0775c5-4d66-4264-b404-05cc4ee7100c,completed,morph_0.30.png,22.1
0.40,b89cf022-faf7-4677-a814-bde0b55fafe1,completed,morph_0.40.png,17.0
0.50,475df33b-f200-47c0-8090-6c2775afd621,completed,morph_0.50.png,17.9
0.60,944be243-525c-4a8c-af8e-51562a38e3c5,completed,morph_0.60.png,22.0
0.70,4616a314-692c-426f-a373-eb2ea7439156,completed,morph_0.70.png,22.0
0.80,482b1cd7-ecfa-4537-a5ca-39bb87c2bc8f,completed,morph_0.80.png,17.8
0.90,cb760d12-2d04-4e97-9a1c-2ae0dc3ea2b1,completed,morph_0.90.png,18.5
0.95,a703bdfe-d324-4b8d-81dc-3f82881da9d4,completed,morph_0.95.png,27.4
1.00,dadb271f-6c19-4536-bad4-59d6e7681b08,completed,morph_1.00.png,30.2
1.05,ace9babc-f957-43f7-aab3-cfcb4ca2c35c,completed,morph_1.05.png,18.9
1.10,47a90588-995e-4df7-80cf-905dfd9261ee,completed,morph_1.10.png,11.4
1.15,c50cfc59-345c-4ab7-b39a-740937e56648,completed,morph_1.15.png,20.8
1.20,a2f114f6-7c1c-48b5-95fb-29f0cb2c2875,completed,morph_1.20.png,24.4
1.25,aa399415-f87b-4346-8db8-6fa8bf72e8ec,completed,morph_1.25.png,19.1
1.30,122ab53f-3f73-4763-8655-744441da0ec1,completed,morph_1.30.png,28.3
1.40,a90692ab-eeca-47b7-a46f-988a2b605dea,completed,morph_1.40.png,17.0
1.50,7f98d39e-c8fb-4d0d-91ae-97825c2ff159,completed,morph_1.50.png,15.4
1.60,abad1801-0cdd-40bd-9326-72d9d17b082c,completed,morph_1.60.png,18.6
1.70,2c4e2099-519e-4392-83c0-963a688fc508,completed,morph_1.70.png,22.6
1.80,1c449d98-0693-4e76-987a-7b56872e9fbf,completed,morph_1.80.png,17.1
1.90,203d9515-5a0b-41dc-9f5d-599a5a097d7c,completed,morph_1.90.png,19.8
2.00,d3316d63-df2b-4dab-9229-7e5daac91a61,completed,morph_2.00.png,18.4
2.10,94dbcfc5-e22c-422b-b7a5-c0327af988c4,completed,morph_2.10.png,15.4
2.20,e05c0436-e4b5-445a-a60a-51b9d4bd6fa1,completed,morph_2.20.png,14.9
2.30,5934d0e3-d8bd-487f-a618-9f0f8149ab12,completed,morph_2.30.png,15.6
2.40,3ddb5f25-08cf-4de5-b30d-eb65aeef6b71,completed,morph_2.40.png,23.2
2.50,d287362a-dd9d-462f-88a7-1b8395316985,completed,morph_2.50.png,22.2
2.60,c1d61fc5-87d2-488c-a322-9d0d01876566,completed,morph_2.60.png,28.0
2.70,b9b2337e-5e61-4a28-94e8-381de59e554b,completed,morph_2.70.png,16.9
2.80,cdc16053-34a2-4f02-bce4-48659bad00cc,completed,morph_2.80.png,24.2
2.90,477c7b38-8176-42ff-b7b1-130018be3054,completed,morph_2.90.png,25.6
3.00,b1073ab2-43f9-4aba-a5d8-177a6846f02d,completed,morph_3.00.png,24.4
3.20,33cd6308-ab78-471f-8e1b-0472090f95a3,completed,morph_3.20.png,19.9
3.40,a1123aa1-caa9-4bae-a130-35e37324a2c7,completed,morph_3.40.png,17.8
3.60,0d21343f-04f4-4fe1-b4fd-ca9622a3fe19,completed,morph_3.60.png,19.9
3.80,eb95b162-6421-4c76-8d58-c768b6437b8c,completed,morph_3.80.png,19.1
4.00,0ab5658c-c414-483b-ac3f-cda478cead11,completed,morph_4.00.png,25.1
4.20,751ba59b-e6b5-4961-b06a-ccebf98499b9,completed,morph_4.20.png,13.8
4.40,a4d3f200-aa0f-45a9-9a11-2a14e2ed14dd,completed,morph_4.40.png,22.1
4.60,d38d310f-dcb5-4ecf-9beb-5ae534f2a54f,completed,morph_4.60.png,22.1
4.80,b74e9a47-68c6-48f1-b6a8-b15f69dc1b0e,completed,morph_4.80.png,17.0
5.00,4928f98d-9a84-46e1-a2c4-50b971eb5b7e,completed,morph_5.00.png,14.5
