machine,shots,job_id,backend,ibm_job_id,n_values,mean_value_error,mean_colour_miss,surface_shrink,frac_exactly_0_or_1,seconds
aer,16,a9c90236-9247-4536-be77-d74204bd3f92,aer,,4096,0.3794,1.3414,1.6164,0.8758,243.3
aer,128,31506f31-f67a-4925-aafc-0dd131857126,aer,,4096,0.1101,0.4014,1.144,0.1713,148.8
aer,1024,4f418b13-3d51-48ef-8f91-699cf271d566,aer,,4096,0.0322,0.1192,1.0299,0.0127,477.7
fake_fez,16,de133a15-9408-4316-8a83-7f171baa5970,fake_fez,,448,0.298,1.1708,1.4421,0.6914,267.7
fake_fez,128,b236408f-8cb6-46ca-b415-b69d5668a485,fake_fez,,448,0.0922,0.4207,0.8231,0.0608,290.6
fake_fez,1024,2c82757a-3253-44a7-8108-24cc4656ff38,fake_fez,,448,0.0594,0.3296,0.7489,0.0023,333.8
fake_brisbane,16,8b434c38-8df9-4b13-8cbe-34d40edd2aa5,fake_brisbane,,360,0.2694,1.09,1.4598,0.6905,80.6
fake_brisbane,128,8d89f3d0-4c97-4b2a-bb8d-d955e8ba507c,fake_brisbane,,360,0.0858,0.3487,0.8344,0.0833,81.9
fake_brisbane,1024,7a5f4e68-ce5f-4f67-ad4f-a9f26a69dbb0,fake_brisbane,,360,0.0658,0.2779,0.7228,0.0,101.3
ibm_fez,1024,b8047462-44cf-4581-8c89-8369a17fd7ef,ibm_fez,db1jcnuegvvc73bhn5ng,448,0.0666,0.3199,0.6955,0.0,153.4
