strength,reach,qubits,resolution,job_id,status,file,seconds,note
0.5,0.0,20,1,3ec2fa86-1e65-4f4d-a6cb-753e3aa40927,completed,midi/blurred/s0.5_r0.mid,385.8,
1.0,0.0,20,1,3262bd95-e38d-48eb-80aa-6a38df940d6d,completed,midi/blurred/s1_r0.mid,382.9,
0.5,1.0,20,1,1c641dc5-07ea-4d31-8866-a1cbb17c1aaf,completed,midi/blurred/s0.5_r1.mid,394.2,
1.0,1.0,20,1,60c0f670-9281-4f31-978b-eae73e541b99,completed,midi/blurred/s1_r1.mid,300.2,
0.25,0.0,20,1,33527af0-db51-4800-ae9b-374f2b56e46e,completed,midi/blurred/s0.25_r0.mid,389.6,
0.25,1.0,20,1,97554219-5053-45ea-a4f8-39d7e7de6070,completed,midi/blurred/s0.25_r1.mid,382.0,
0.5,0.5,20,1,ac3f10b1-a726-4bb7-b753-7dcef0ba4230,completed,midi/blurred/s0.5_r0.5.mid,404.2,
1.0,0.5,20,1,75ea65fc-608c-41b1-a201-3024ee36cb89,completed,midi/blurred/s1_r0.5.mid,451.7,
0.25,0.5,20,1,40b6c6c3-5042-4933-ab4f-b25bf44d3b59,completed,midi/blurred/s0.25_r0.5.mid,453.9,
